PassengerId,Transported
3430,0
669,1
8430,1
6463,0
85,0
7586,0
2358,0
6887,0
3263,1
2602,0
8415,1
7941,0
5567,1
193,0
1277,0
6581,1
4216,1
1795,0
5127,1
5463,1
3334,1
5621,0
3011,0
2869,1
2632,1
3001,0
1444,0
8513,1
4002,1
908,0
3062,1
2353,1
7278,1
5988,0
3760,0
8371,0
4103,1
2496,0
1684,0
2260,1
3755,0
8378,0
5486,1
4209,0
6538,1
232,0
1555,0
4501,1
6940,1
2544,1
2761,0
4891,1
4243,1
1452,0
3268,0
6367,1
2376,1
833,0
3651,1
15,0
1377,1
6338,1
272,0
7103,0
590,1
4947,0
4345,1
5430,0
5076,0
5087,0
3163,0
4032,1
4691,1
3046,1
4614,1
1537,0
1404,0
6813,0
3089,1
2532,0
4380,0
4791,1
7144,0
1200,0
554,1
8536,0
1751,0
1970,0
7789,0
6773,0
1601,1
8147,0
3949,0
2883,0
1683,0
874,0
7267,1
1837,1
4374,1
3747,0
730,0
8369,0
4242,1
1443,1
6861,1
8208,1
3732,1
2717,0
4597,1
6676,0
2279,0
4400,1
915,1
7369,0
256,1
3128,1
8197,1
290,0
8200,0
2030,0
1725,0
3470,1
4443,0
6179,1
1159,1
3337,0
8143,0
2718,0
1542,1
6226,1
4720,0
7546,1
7955,1
4277,0
5535,1
3933,1
4307,1
1756,0
2483,1
703,0
7271,0
1688,1
718,0
7124,0
2363,0
8669,1
7162,1
4587,0
7711,1
1677,0
6852,0
5199,1
540,1
2974,1
3668,0
8667,1
2545,0
6922,0
5773,0
4835,0
6030,0
3401,1
311,1
5646,0
4189,0
7234,0
6267,1
680,0
8017,0
3995,0
5000,0
6333,0
4960,0
2751,0
7748,0
6065,0
5159,0
1178,0
7883,0
8634,1
5212,0
3247,0
4869,1
7956,0
4706,1
5581,1
6899,0
7984,0
8491,0
2095,0
7047,0
7550,1
173,0
5233,0
2105,1
3269,0
6686,0
3262,1
3697,0
1617,0
4832,1
6435,1
6210,0
8554,0
7837,1
6787,1
5762,0
3448,1
6094,1
7970,1
5669,0
4301,0
8167,0
5864,1
9,1
4702,0
8432,0
1318,0
4348,1
3728,1
7275,1
3409,0
2413,0
7800,0
5105,0
8069,0
4970,1
6797,0
7042,0
6442,1
6585,0
2062,0
1682,0
2523,1
5168,1
2287,1
7483,0
1590,0
7416,1
7350,1
2084,1
2749,1
6421,1
1780,1
8661,0
1563,1
1589,1
2694,0
2777,1
2333,0
6993,1
4080,0
7802,0
8094,1
1759,1
6023,1
2454,0
7848,1
7285,0
5984,0
3961,1
8668,1
961,1
147,0
7885,1
3295,1
2248,0
7950,1
8654,1
3926,0
3357,1
3781,1
6717,1
6985,1
3657,0
6434,0
4473,1
6431,1
4736,0
4499,0
5309,0
5699,1
3094,1
8523,1
265,1
3394,1
402,0
3988,0
1488,0
1203,1
5649,1
7043,0
795,0
7170,0
8453,0
2334,0
4698,1
4635,0
3835,0
5156,1
6362,1
615,0
8295,1
1495,1
3463,1
2938,0
6594,0
7314,1
2297,0
5188,1
6204,0
877,1
3418,1
6265,1
7678,0
5891,1
5097,1
2046,1
2224,1
6510,0
7518,1
3291,1
2138,0
7736,0
7087,0
1679,1
3571,0
3038,1
4900,1
1255,0
4451,0
3983,0
1821,0
4896,0
5540,0
2961,0
8632,0
7572,1
1735,0
7039,1
4214,0
1671,1
2781,0
1473,0
4170,1
7430,1
2743,0
3969,1
1273,0
4904,1
3131,0
1214,1
6757,0
260,1
4143,0
7438,0
7176,1
4568,1
148,0
7698,1
7906,0
4979,1
2128,1
1612,1
2013,0
1575,1
3107,0
8247,0
743,0
187,1
1736,0
7797,0
185,0
1191,0
537,1
4729,1
3232,1
4202,0
4787,0
5917,1
4449,0
269,1
5586,0
2628,1
6723,0
3033,0
1823,0
6526,1
752,1
6151,1
1764,0
7690,0
5829,0
8068,0
2535,1
5349,1
2405,1
4018,1
1101,1
4609,0
5931,1
3557,0
7612,0
7549,1
2173,0
735,0
2688,0
5554,0
3335,0
8041,1
3610,0
1494,1
2218,1
1268,0
1964,0
5096,0
8527,1
3851,0
2638,1
7763,0
4029,0
235,0
6800,1
7263,1
372,0
26,0
806,0
5248,1
4331,1
4165,1
6878,0
999,1
7983,0
6847,1
3905,1
3082,1
4639,1
7788,0
7871,1
7428,0
4542,1
1860,0
1321,1
4421,1
610,1
2769,0
1024,1
3059,1
309,0
8166,1
3072,0
1650,1
907,1
4204,1
5849,1
6882,1
793,1
7794,0
2407,0
4353,0
3893,0
5801,1
8176,1
6227,1
6319,0
3836,1
6859,0
7436,1
5234,1
3612,1
2202,1
7651,0
7258,1
1876,0
6893,1
4145,1
1193,0
5391,0
1579,0
4868,1
6668,1
8589,1
1923,0
5652,1
2654,0
3539,0
6141,0
6658,0
5582,0
4936,1
4709,1
6713,0
7312,1
6669,0
501,1
4744,1
2962,0
5704,1
5344,1
6361,0
4350,0
2242,0
4382,0
1900,1
5232,1
3745,1
6022,1
1710,0
2383,1
3363,0
7257,0
3592,0
4629,1
5821,0
7872,1
3506,1
7671,0
4322,0
3573,0
8142,0
7221,0
6564,0
6452,0
3858,1
3297,1
3446,0
7726,0
2384,0
5579,1
8357,0
3007,0
6799,0
4656,1
3436,0
1870,0
6552,0
5523,1
965,0
6707,0
2621,0
4124,1
1038,0
6971,1
6073,1
7028,0
4671,0
5196,1
1119,0
8429,1
1359,1
2272,0
8605,0
8456,0
1113,0
8423,0
3449,1
1466,0
3672,0
244,1
2684,1
2557,0
2289,1
1105,0
1228,1
8213,0
6818,1
2081,0
2936,1
8066,0
4784,1
7893,1
1274,0
8126,0
6928,0
3572,0
2390,1
1231,0
4762,0
1023,0
8653,1
7505,0
2915,0
3102,0
7633,0
2994,0
3816,0
2813,0
7874,1
2399,0
7423,0
6395,1
6855,1
616,1
586,0
116,0
136,0
6456,1
3421,1
4300,1
4286,0
3121,1
6071,0
298,0
1516,1
3193,0
3433,1
7568,0
5099,1
5807,1
7967,0
6420,1
6256,1
5770,1
934,1
4613,1
5204,1
2094,1
8245,0
4419,1
8274,0
7192,1
6405,1
4937,1
5039,1
7933,0
4435,0
7492,0
5606,0
7447,1
5850,1
5882,0
8465,1
8631,1
2983,1
6048,1
6046,1
8298,1
8303,1
2453,1
5389,1
4199,1
7822,1
3979,1
5223,1
7427,1
1585,0
2223,1
6208,0
5424,0
5113,1
2214,0
5737,0
2188,0
1106,0
5477,1
8098,1
776,0
4933,0
7286,0
931,0
4178,1
5178,0
6644,1
7903,0
3541,0
3512,1
3249,1
7345,0
8060,1
5008,0
4525,0
79,1
364,0
5862,1
7352,1
2568,0
4452,1
5057,0
7056,0
7326,0
2463,1
821,0
2527,1
5933,1
2771,0
7579,1
4340,1
3767,1
3598,1
5395,1
592,1
4522,1
167,0
8002,1
481,1
3070,1
2007,1
2702,0
4297,1
3230,0
3775,1
6811,1
6438,0
2350,0
6219,0
8542,0
3475,0
7719,0
2489,0
6580,1
992,1
7663,1
1605,1
5163,1
20,0
6785,0
3187,1
5167,0
6730,0
3815,0
871,1
5291,1
526,0
343,1
4660,1
3324,0
2515,1
3333,1
3537,1
3329,1
3773,0
5261,1
1956,1
5028,1
650,1
5799,1
4855,1
6460,0
2131,0
3213,1
2503,1
1426,1
8131,1
3176,0
6097,1
4708,0
2671,1
7127,1
542,0
4461,1
6202,1
4976,1
7272,1
5976,1
4390,1
2352,0
7813,0
3313,0
6626,0
4404,1
6513,1
4303,0
1595,0
7376,1
5,1
5259,1
409,1
1097,1
589,1
5885,0
4442,0
6278,1
1790,0
3111,1
3286,0
2200,0
2078,0
8528,0
7034,1
5709,1
94,0
4139,1
7233,1
5128,1
6047,0
3478,1
4376,0
6776,1
6775,1
7358,0
3659,1
2458,0
6416,0
3227,1
6700,0
166,1
6831,0
4745,0
2827,1
2594,0
2468,0
8540,0
7013,0
3435,0
3566,1
1208,0
6270,0
3310,1
6801,1
4651,1
4558,1
7791,0
3966,1
6324,0
3718,0
1753,0
5940,0
6989,0
7491,1
1322,0
8083,0
6468,0
4009,0
140,0
2785,0
4872,1
603,0
3807,0
1028,0
625,1
538,0
7046,1
4358,1
101,0
2990,0
2934,1
4164,1
6072,1
638,0
851,0
1450,0
2919,0
4074,0
2521,1
682,1
7067,0
470,1
8177,1
4600,0
2445,0
3116,1
3332,0
1727,1
4949,1
8034,0
2685,0
6024,0
1461,0
8092,0
7974,1
3875,0
516,1
6052,1
6541,0
8660,0
7322,0
2847,0
4077,1
7501,0
7908,0
5598,1
3299,1
2696,1
593,1
7823,0
5275,0
4549,1
1475,0
1304,1
6374,1
237,1
2400,0
5793,0
1843,0
5266,1
4070,0
4489,1
1995,1
7697,0
5987,0
1877,0
5932,1
7657,0
4810,1
7907,1
3742,1
5372,1
5922,0
8385,0
4909,0
5844,1
189,0
3613,0
944,0
6180,1
6082,0
724,0
3244,1
6177,1
2336,0
5983,1
1724,0
1628,1
5112,0
5997,1
7989,0
8592,0
512,1
6286,1
3930,1
8273,0
4044,0
4645,0
7031,0
5158,1
3119,0
3235,0
7691,1
2470,0
6569,1
2074,0
5358,0
1334,0
6745,0
8187,0
5036,1
3944,1
3190,1
3799,0
1266,0
7228,1
5877,1
4125,1
1074,0
5327,1
1385,0
3236,0
2722,1
6601,0
3267,1
4446,1
8555,0
8004,0
7751,1
831,0
1052,1
4305,1
2423,1
1062,1
4220,0
5398,1
1779,0
5536,0
5875,0
4335,1
2026,1
991,0
2546,1
4109,1
1527,0
4326,0
5600,1
7288,1
194,0
5671,0
7961,1
8493,1
3257,1
6131,0
6825,1
281,1
7406,0
4516,1
8597,0
1792,0
2554,1
4237,0
2624,1
1066,1
7204,1
7307,0
1573,0
6728,1
3750,1
1913,0
4681,0
4484,0
712,0
5045,0
1500,1
3633,1
4800,1
7060,0
2798,0
7564,0
6017,0
2,0
1454,1
8007,0
3036,0
7473,1
4797,1
8563,0
7435,1
7158,1
6618,1
4526,0
7327,0
1957,0
2422,0
880,0
8524,0
4030,0
7764,0
461,0
2569,1
5245,1
1797,1
2178,1
8461,0
7548,0
3848,0
1330,1
1549,0
4596,0
4312,1
2160,0
692,0
4927,1
935,0
4368,0
980,1
2125,1
1660,0
4006,1
5766,1
5900,1
8203,0
7978,0
572,0
8408,1
8134,0
5977,1
441,0
5847,1
3276,1
733,1
1969,0
5281,1
2047,0
5628,1
1878,0
70,1
2477,0
4977,1
2981,1
3282,1
3264,0
8464,0
4406,0
3361,1
2652,0
4447,1
7372,1
7502,1
4127,0
2985,1
5722,0
4180,1
6756,1
4260,0
7370,0
6892,1
3177,0
6933,1
128,0
4682,0
3553,0
4620,0
383,1
2910,1
278,1
1812,0
57,0
3698,1
2831,0
3739,0
32,0
728,0
661,1
747,1
3632,0
2174,0
5471,1
7407,1
5357,0
653,1
2169,1
4786,0
7188,0
6031,1
1982,1
7024,1
2222,0
1071,1
4905,1
3677,1
7793,1
8665,0
5797,1
3850,1
3643,1
1686,0
4268,0
6113,1
199,0
5312,1
4472,1
641,1
1768,0
6225,1
1940,0
4817,1
2553,0
3223,1
6068,1
4156,1
982,0
7214,0
3774,1
11,1
212,1
231,0
6693,0
4765,1
7045,1
8533,0
2550,0
2429,0
1793,0
5616,1
3570,1
3903,0
7684,0
4999,0
1310,1
3331,1
2705,1
3540,1
3787,1
3488,1
2040,0
6388,0
7884,1
4739,1
3495,0
5503,1
629,1
520,1
3593,0
3980,1
1603,0
8361,1
664,1
5620,1
2853,1
7409,1
3864,0
2907,1
4188,1
6283,1
6666,1
7869,0
2063,0
7591,0
1389,1
7817,1
443,0
203,0
430,0
989,0
1303,0
80,0
2538,1
2029,0
1901,0
2864,1
5338,1
7079,0
4956,1
2172,0
382,0
1180,0
1156,0
838,1
6495,1
3782,0
7142,0
1133,0
7850,0
4490,1
7798,1
4414,1
5867,1
1088,1
6016,0
5065,0
2210,0
1717,1
6332,0
5603,1
1394,1
6300,1
8049,0
6044,0
3837,0
1279,1
6291,1
5356,0
3398,0
1606,0
5790,0
779,1
3759,0
2056,1
6245,0
3965,0
2316,0
3125,0
73,0
7570,0
3447,1
1470,0
3396,0
1916,1
5714,0
4608,0
8387,1
1678,1
5496,1
8199,1
46,0
6917,0
4778,1
2830,0
627,1
8036,0
7953,1
5085,1
1192,1
750,0
7772,1
2797,0
5919,0
2167,0
7535,1
4539,1
4459,1
3076,1
3683,0
4226,1
2815,0
5288,1
3420,1
6330,1
325,0
2238,0
8263,1
8136,1
6535,0
3853,1
1403,1
6161,0
2042,0
475,1
3487,1
2766,0
2139,1
6233,1
2308,0
518,1
4811,0
3501,1
3356,1
4821,0
6187,0
2799,0
2479,0
3590,0
6303,1
6918,0
3778,0
5831,1
5612,0
3609,1
6135,1
5745,1
8401,0
4000,1
4272,0
3682,0
2152,0
7682,1
5785,0
3171,0
3156,1
3906,1
8109,1
5089,1
909,1
2606,0
4910,1
7104,0
2507,0
7417,1
1498,0
77,1
6675,0
6140,0
3052,1
8163,0
7030,1
3645,0
8079,0
7618,0
7294,0
6947,0
4388,0
6738,1
945,1
3181,1
8291,0
1618,0
4398,0
3602,1
508,0
2032,1
5192,1
6834,1
5319,1
4963,1
6516,0
7969,0
6945,0
1915,0
1247,0
4201,0
8276,0
5607,0
3245,0
3504,1
8418,0
5090,0
7575,1
1883,1
6981,1
2190,1
3413,0
3165,1
4043,0
8011,1
7805,1
2536,1
2817,0
2972,1
7011,1
2955,0
2969,1
5509,1
141,1
4496,0
8602,0
306,1
1596,1
6342,1
184,1
3811,1
1761,0
6059,1
5539,1
2701,0
2155,0
144,0
276,0
4731,0
4081,1
2341,0
3021,0
8031,1
2044,0
7379,1
1749,0
7938,0
5181,0
8606,1
1697,0
6425,1
100,0
1796,0
8183,0
1167,1
3224,0
1827,1
5596,0
3027,1
8342,0
3476,1
1891,0
1998,0
8620,1
8469,1
4505,0
3574,0
2552,0
7123,1
17,0
7195,0
1120,0
5140,1
7629,1
2346,1
5568,1
2529,0
4983,1
1502,1
632,1
1933,0
3770,0
4309,1
7901,1
1144,0
3006,1
74,0
6228,1
1806,0
6553,1
2618,0
652,1
1262,1
414,1
7396,1
4355,1
4176,1
5493,0
6656,0
6862,0
2551,1
3538,1
1833,1
2300,0
2123,0
6798,1
1534,0
8434,1
8008,0
3607,0
4679,1
134,0
3483,1
2810,1
6273,1
2488,0
4391,1
8373,0
1754,1
361,1
163,1
1440,1
6746,1
3887,1
6128,1
4941,0
721,0
604,0
3518,1
964,0
2807,0
4147,1
1857,1
384,1
7994,1
5656,1
7986,0
1784,1
3069,0
6408,1
3716,0
6355,1
4405,0
8352,1
2819,0
4951,1
2176,0
7758,1
4434,1
1372,1
5027,0
431,0
7911,1
1598,0
8618,1
799,0
3256,1
2143,0
8334,0
413,1
4593,1
4149,0
8675,1
4150,0
197,1
1067,1
7224,0
5954,0
6964,1
3013,1
4458,1
6078,0
2630,1
6978,0
2519,1
8089,0
7402,1
2339,1
3731,1
1604,0
6327,1
7976,0
7829,1
2729,1
8162,1
6556,0
5991,0
7605,1
1799,0
5184,1
5687,1
7231,0
2809,1
5177,0
5283,1
7696,0
8198,1
1920,0
5561,0
7670,0
8336,1
857,1
2902,1
2462,0
4955,1
5387,0
4448,1
6086,0
2885,1
4915,1
1335,0
2478,1
8402,0
3738,0
4494,1
5980,1
3217,0
5718,1
8596,1
4399,1
5083,0
3986,0
5916,1
5401,1
4363,1
452,0
5734,1
4234,0
2180,0
6533,1
4876,1
7086,0
835,0
2793,1
2154,1
453,0
4571,1
1869,1
3802,1
3064,0
7437,1
5660,1
1169,1
977,1
2002,1
5526,0
5735,1
2744,1
525,0
588,1
1447,1
1098,0
331,0
2631,0
6753,0
426,1
3899,1
5667,0
7560,0
3904,1
3380,0
2261,1
2307,0
559,0
5001,1
6662,0
5781,1
6987,0
472,1
7760,1
753,1
5998,0
67,0
8348,1
1910,0
4628,1
8628,1
5392,0
4159,0
7249,0
342,1
7480,0
3648,0
1999,0
6765,0
7351,1
3480,1
8346,1
6244,0
3075,1
6621,0
4992,0
3020,0
7674,0
618,1
7827,1
1481,0
405,0
1630,1
4812,0
5390,0
353,0
7739,1
8414,0
3805,1
3139,1
446,1
6685,1
1017,0
7494,0
8684,1
777,0
6527,1
1016,0
1483,0
5431,0
1147,1
2230,0
4140,1
4595,0
4457,0
5133,1
3924,1
2494,0
7731,0
1685,0
4657,0
8110,1
2343,1
3008,0
1154,0
578,1
8674,0
3016,1
8070,0
1895,1
959,0
8582,0
4550,0
6508,1
8057,1
5410,0
6353,1
1652,1
1206,1
8154,0
3283,0
2490,0
248,0
4627,1
4470,0
5145,1
4912,1
4232,1
1367,0
6250,1
2438,1
5186,1
4035,1
1196,0
8343,0
4916,1
2323,0
7076,1
8550,0
5260,0
61,1
5642,1
8341,1
6845,0
5955,0
6439,1
1131,1
1720,1
8170,0
4755,0
3411,0
2859,0
2332,1
4818,1
5538,0
2268,0
748,0
2927,1
4838,1
5792,1
6147,1
3912,1
5481,0
3044,0
4567,1
2344,1
5252,0
1398,0
3428,1
5052,0
5407,1
238,1
8186,0
3704,0
4846,0
3493,0
3153,1
4772,0
1657,0
177,1
7292,1
4527,1
3161,0
1856,0
2908,1
4871,0
3908,0
7097,1
6489,0
6121,0
714,1
4901,1
859,0
4183,0
4689,1
7727,1
1005,1
1341,0
4266,1
7169,1
3278,1
7609,0
2668,1
3842,1
4795,1
10,1
4724,0
8520,0
282,1
4738,0
3629,0
2220,0
4138,1
5961,0
816,1
5848,1
3140,1
30,0
4337,0
2841,1
3897,0
3466,1
4392,1
2055,0
3346,1
4965,1
4756,1
5369,1
7652,1
5782,1
1690,0
5328,1
5633,0
8557,0
6417,1
6083,0
3414,0
1750,1
3820,0
6451,1
6670,1
6664,0
8135,1
2625,1
6590,0
2215,1
1307,0
1289,0
2712,0
6492,0
4175,1
2957,0
200,0
2016,0
3270,0
6646,0
3699,1
8583,1
5278,0
8095,0
7965,1
2035,1
6160,1
7858,1
6260,0
7317,0
6159,1
7503,1
3429,1
2950,0
4667,1
3198,1
5951,1
5957,1
7589,0
2475,0
1861,0
3876,0
4944,0
4370,1
2796,0
7151,0
5351,1
495,0
7746,1
4630,1
29,0
4776,1
7867,0
5455,1
7749,1
1997,0
274,1
3443,0
3606,1
3542,0
1210,0
5724,0
1732,1
3879,1
4849,0
401,0
3972,1
3028,1
1794,0
7171,1
8360,1
72,1
2228,0
549,1
1006,1
1438,1
4162,1
3431,0
2580,0
3516,0
7070,1
6070,1
886,1
4766,0
7226,0
297,1
56,0
8118,0
1040,1
8241,0
5418,0
7091,0
4248,0
3049,1
6891,1
181,1
8297,0
1465,1
2428,1
842,0
1082,0
3987,1
1909,1
5095,0
7706,1
4981,1
5092,0
744,1
6432,1
6908,0
3086,0
2441,0
4576,0
2804,0
5858,0
5531,1
1729,0
8339,1
2620,0
1570,0
7999,0
5249,1
6297,0
5643,0
4050,0
1142,0
2207,1
6955,0
8638,1
489,1
2946,1
6912,0
3896,0
1914,0
6951,0
2555,1
4486,1
6642,0
1170,0
6936,0
6329,0
2259,0
8487,0
5918,1
7243,1
1249,1
6602,0
5851,1
3206,1
7919,1
4533,1
88,0
5981,1
5215,0
5037,0
7740,1
1422,1
7449,1
14,1
3611,0
5432,0
939,1
4619,1
8386,1
8428,1
8310,1
2296,0
1300,0
707,0
1022,1
3882,0
5118,0
6555,1
3943,1
8100,0
5053,0
368,0
5859,0
1711,1
5967,1
170,0
4688,0
1032,0
5242,0
6480,1
4761,0
8222,0
4455,1
6235,1
7853,0
4073,1
1645,0
6062,1
1222,1
4560,1
5030,1
1925,1
4773,1
1041,0
1905,1
2899,1
7110,0
3048,1
5717,0
2208,1
2643,1
7835,0
6182,0
3641,1
8615,1
7128,1
327,1
8116,0
4518,1
2324,0
3393,0
8626,0
6942,0
4814,0
123,1
4056,1
4972,1
852,0
2244,1
8651,0
3687,1
8609,0
8042,0
4433,0
822,0
2473,1
6263,1
4230,1
8358,1
8544,1
5190,1
6740,0
1627,0
4423,1
3967,1
6268,0
427,1
7820,1
3134,0
1138,0
1716,0
1504,1
5515,1
6704,0
4534,1
910,0
3503,1
7072,0
6545,1
7100,0
647,0
6857,0
8250,1
843,1
4966,1
7073,1
8201,1
6608,0
2050,0
3288,0
5370,0
8575,1
6909,1
1276,1
7578,1
8104,1
1574,0
1990,0
1691,1
8364,0
5706,0
8486,1
7090,1
5363,0
102,1
923,0
1418,1
2449,0
4313,0
4329,1
6107,0
5710,0
3801,0
2858,1
5989,1
3890,0
4569,0
412,1
7557,0
155,0
1664,0
6019,0
5173,0
595,0
8257,0
6390,0
7842,1
2665,1
5564,1
6949,1
4984,1
3847,1
6610,0
2824,1
3577,1
7451,1
4372,1
6593,0
2251,1
8052,1
3105,1
7902,0
1959,0
110,0
1844,1
8595,1
3695,0
5681,1
7036,0
3547,1
4,1
7562,0
6957,0
3030,1
6209,0
1530,1
7495,0
7389,1
198,0
5366,0
2505,0
6568,1
3444,0
1954,1
6253,1
7695,1
3798,0
7519,0
7573,0
566,0
1499,1
4468,0
3315,1
1362,1
3706,0
6199,1
5330,0
7812,1
4053,0
1584,0
474,1
8516,0
4172,1
1379,1
3400,1
5761,1
7826,1
5227,1
6474,0
192,0
4945,1
7107,1
7647,0
8330,1
3586,1
4090,1
912,0
1548,1
4229,0
4637,1
8678,1
4102,0
250,1
1639,0
2839,0
2699,0
3238,0
6345,0
8481,0
1675,1
1487,1
7776,0
1993,0
4707,1
611,1
2772,1
5376,0
1778,0
6433,0
6481,0
3925,1
4839,0
5560,0
4747,0
2467,1
3964,0
6157,0
2750,1
849,1
872,0
38,0
8270,1
1939,1
424,1
521,0
6181,1
5022,1
3106,0
4049,1
7261,0
7545,0
7405,0
5442,1
5121,1
7032,1
6419,1
3406,1
5803,1
6615,0
8279,1
3080,1
7248,1
7988,0
6129,1
4351,0
4323,0
6690,0
31,0
7333,0
765,0
3869,1
2073,1
6752,0
7315,0
5321,0
3023,0
5069,0
7125,1
6504,1
6490,0
324,1
8033,1
7393,0
301,0
4413,1
7713,1
83,1
5815,0
4796,0
6426,0
6911,1
5507,1
137,1
7685,1
6357,1
5339,1
1559,0
1944,0
6136,1
2277,1
631,0
7732,0
455,1
2677,0
1847,1
1651,0
3438,1
7175,0
5483,0
4851,0
1836,0
2687,1
791,1
2901,1
3696,1
6638,0
3180,1
3975,1
3365,1
4725,0
7300,1
2585,0
4054,1
5626,0
5397,0
3032,1
6654,0
8172,0
4668,1
2020,1
4428,1
7289,0
7895,1
7889,0
7581,0
2695,0
1745,1
7509,1
8559,0
5614,0
7997,1
160,1
4328,1
2171,0
6106,1
2147,0
4430,0
775,1
5843,0
1820,0
2221,0
6232,1
5465,1
2250,1
243,0
4493,0
6781,1
7349,1
1880,1
6306,1
634,0
4653,1
8097,0
4079,1
3528,0
6970,1
7606,1
8421,0
2354,0
111,1
5727,0
560,1
3631,1
3757,1
3462,1
6596,0
6761,0
6628,1
1018,1
7386,1
3412,1
8021,0
2669,1
2076,0
6803,0
8439,0
3783,0
3290,0
6378,0
6043,0
6198,0
8682,1
3536,1
1476,0
2229,1
1399,0
1275,0
755,0
2637,1
4196,1
5166,0
1704,1
5887,1
879,0
3425,0
4890,0
8508,0
1340,0
3100,0
7180,1
292,0
8224,1
2730,1
3689,1
6632,1
7450,0
7461,1
497,0
8629,1
4737,1
6952,0
3471,0
6766,0
528,1
7737,0
2069,1
6529,0
6037,0
7178,1
2805,0
2377,1
2879,1
7338,0
7608,0
5874,0
6457,1
7481,1
8306,0
7424,0
7131,0
7520,1
7281,0
3003,0
6518,0
1748,1
60,0
4269,1
1501,0
2579,1
4166,1
6827,1
5811,1
8489,1
2609,1
529,0
62,1
6914,0
3889,1
5280,1
5111,0
5253,1
3735,1
5371,1
4775,0
6368,1
4086,1
8210,0
4583,1
790,1
3928,1
5577,1
3287,1
5585,1
4366,1
4346,1
2099,0
2124,0
7303,0
7325,0
1020,0
4488,0
3992,0
6091,1
4288,1
8347,1
3325,1
3642,0
7593,0
2723,1
3868,1
2337,1
7849,0
1918,1
2093,1
2142,0
2603,1
6674,0
8649,1
3700,1
807,1
5505,1
847,0
4095,1
5707,0
1029,1
3605,1
3114,0
2762,0
4278,0
3702,1
6722,1
6039,1
2517,0
2417,1
4700,1
911,0
8169,1
3601,1
924,0
1342,0
8267,1
2246,1
210,0
6359,1
1324,1
7923,0
408,1
543,1
263,1
1700,0
636,0
6622,0
5712,0
4262,0
1945,0
1486,0
5218,0
5952,0
1631,0
8384,0
6067,0
3189,0
7635,1
5794,1
1695,1
477,1
3440,1
8178,1
6849,1
7917,0
8164,0
348,0
3426,1
6134,1
2245,1
2801,1
5299,0
2183,1
640,0
7018,1
6169,1
3318,0
4907,1
320,1
7344,0
1457,0
8345,0
2679,1
245,1
7514,0
1326,0
5888,0
5138,0
2310,0
7229,0
2049,1
6579,1
925,1
6373,0
891,1
337,1
37,0
6565,1
4200,0
6470,1
6203,1
4685,1
6515,0
4439,1
987,1
5077,1
8184,0
933,0
7620,1
2863,0
4416,0
8560,1
3910,1
6261,0
4819,1
2241,0
2959,0
1344,1
1638,1
7270,0
304,1
3624,1
6616,1
6304,0
1662,1
7137,0
7185,0
1238,1
7784,0
7909,1
4802,0
264,1
7506,0
6317,0
2952,0
1919,1
8578,1
1045,0
4295,0
4261,0
630,0
7664,0
8411,0
7373,0
1108,1
289,0
1306,1
8473,0
7216,0
7592,1
2365,0
1057,1
4500,1
7996,1
541,1
2514,1
3768,1
8139,1
4862,0
7643,1
7762,0
395,1
5359,1
87,1
5109,0
4141,0
7949,1
7399,1
5244,0
7526,0
4001,1
8037,0
1828,0
1458,1
5208,1
7239,1
3788,0
8545,1
2036,0
6447,1
3167,0
6454,0
8249,0
3482,0
5819,0
4777,1
3888,0
3734,0
5488,1
3499,0
5947,1
8623,0
1053,0
8435,1
8294,1
7051,0
3809,0
7487,1
2129,0
7455,0
7448,1
3515,0
227,1
4928,1
3095,1
1744,0
881,0
6224,1
1726,1
3884,0
1930,0
3138,0
534,1
5701,0
8501,0
4898,0
4853,1
6525,1
3216,0
4101,0
5659,1
5122,0
6325,1
7061,0
4578,0
5013,1
4427,0
3608,0
3308,0
514,0
50,0
336,0
3509,0
3360,1
7432,0
4327,0
117,0
4497,0
7617,0
3793,1
1380,0
2542,0
1554,1
4046,1
5805,0
8053,0
969,1
2834,0
801,1
1350,1
2439,1
2019,0
354,0
8121,0
2369,1
156,1
2257,1
8662,1
4215,0
2933,0
4040,0
3092,0
6927,0
1037,0
759,1
732,1
2217,0
7040,1
3838,1
4658,0
1054,1
5558,1
5454,1
5148,1
188,1
3694,0
4106,1
3673,0
360,1
4997,0
3195,0
6982,0
3617,1
3527,0
6934,0
6890,0
8101,0
3772,0
4023,0
4617,1
2940,0
5469,0
207,0
8598,1
8646,0
6045,0
6494,0
3343,1
1161,1
5350,1
2043,0
1320,0
5300,0
8482,0
614,1
7453,0
8519,0
247,1
4004,0
1721,1
6548,0
5752,1
4276,0
3548,0
5365,0
332,0
89,0
4020,1
8353,1
2258,1
4197,1
4038,1
2414,0
5326,0
3237,0
976,1
1405,0
3484,0
1855,1
7160,1
8155,1
2327,1
3990,1
1841,1
1258,1
8399,0
8305,1
2835,0
787,1
5865,1
2166,0
990,0
2574,0
4284,0
1951,0
4152,1
4716,0
523,1
2311,1
7868,0
1897,1
7023,1
464,0
7669,1
6497,0
4856,1
666,0
7677,0
800,0
253,1
4753,1
7159,1
6938,1
2140,0
5139,1
5501,1
7360,0
4076,1
5378,1
127,1
2502,0
3985,1
7247,0
2874,1
3147,1
6114,1
7400,0
916,0
1140,0
7210,1
6050,0
7328,0
7665,0
1462,1
1594,0
5765,1
2734,0
8077,1
5911,0
1872,1
889,0
2342,1
1787,1
6763,0
2092,1
1625,0
6651,1
8202,0
6115,1
7516,0
2593,0
293,0
3756,0
7403,0
3321,1
5756,0
513,1
6597,0
4264,1
2066,0
8308,1
7306,1
1580,0
3079,0
7878,0
4441,1
6786,1
4104,1
3863,1
576,1
7607,0
5962,1
5107,0
196,1
1936,1
4831,0
3405,1
5716,0
1448,1
1583,0
4302,0
5672,1
1309,0
5721,0
1775,1
1804,1
4408,0
1561,0
6459,1
8565,0
7252,0
8531,0
8374,0
7172,1
4078,0
7161,0
178,1
6589,1
5905,1
5146,1
432,0
1519,0
8161,0
1065,1
808,1
3403,1
5048,0
8458,1
4950,1
7196,1
4590,1
783,1
7199,1
8040,0
7959,1
1209,0
183,0
2211,0
8141,0
8648,1
1587,0
5512,0
7892,0
4502,1
3565,1
8391,1
2286,0
3316,1
2192,1
7203,0
4425,0
2121,1
4563,0
2285,0
3266,1
2091,1
5033,0
7668,1
5711,1
5423,1
4467,0
2547,1
4713,0
962,0
4085,1
270,1
5541,1
688,0
3355,0
8566,1
7308,1
2877,0
5892,0
5182,0
2216,1
2408,1
8307,1
6178,0
5091,1
1312,1
3040,1
1122,0
1599,0
809,0
568,0
6318,0
1902,0
6808,1
2457,0
5562,1
5532,1
3532,1
5884,1
1087,1
1134,1
2842,0
4574,1
7083,0
2931,0
2132,0
3081,1
1558,0
4245,1
6962,0
8106,0
1658,0
5267,1
5825,1
4222,0
6874,0
6446,0
5217,1
3907,1
2349,1
7066,0
2851,0
3681,0
4292,0
3383,0
313,1
7783,1
7611,0
2071,1
314,1
7273,0
3523,1
7361,1
5292,0
5949,1
7921,1
1151,1
1714,1
1472,0
2157,0
5842,0
804,1
5340,1
1912,1
4052,1
5200,1
3457,1
2531,0
4626,1
5305,1
7634,1
286,1
467,1
4453,1
4616,1
4884,1
6441,1
2954,0
7952,0
3625,1
972,0
224,0
2425,0
2837,1
3937,1
7859,0
4026,1
1432,0
8514,1
4935,1
805,1
2920,0
8253,1
8082,1
6282,0
8532,0
4654,0
2780,0
1719,1
1552,0
2240,1
8112,0
4386,0
5910,1
2724,1
7130,0
7391,0
5422,0
5776,0
6167,1
8328,1
4985,0
5314,1
6835,0
3328,0
4336,1
2567,0
6084,1
4495,1
691,1
8496,0
6075,0
2716,0
2787,0
8689,0
1077,1
2540,0
3712,0
6946,1
5592,0
8645,0
3056,1
4780,1
2086,0
6197,0
4882,0
4412,1
3670,0
784,1
3073,0
1493,0
1116,1
5915,0
5020,1
5978,1
2561,1
4158,0
1135,0
7886,0
3182,1
6550,0
4402,0
4764,0
36,1
3953,1
5147,1
4954,0
7741,0
5613,1
2996,1
2497,0
1360,0
1967,1
7786,1
2252,1
2100,0
1731,1
2741,0
1363,0
3374,1
563,0
6998,0
3039,1
5974,0
4051,1
8468,1
3451,0
4475,0
6081,1
2394,1
4011,1
6205,1
135,1
249,1
2101,0
7582,0
1197,0
1623,0
305,1
8624,1
3314,1
1026,1
5764,1
6770,0
5713,1
815,0
5960,1
6557,1
591,0
4007,1
6143,0
5290,1
5270,0
5403,1
2303,1
2052,1
2465,1
6559,1
7704,1
6809,1
594,1
606,0
8120,1
7947,1
7811,0
798,0
770,0
7946,1
59,1
8125,0
4476,0
6486,0
562,0
6649,1
5619,0
1112,1
5243,1
7905,1
4003,1
27,0
1551,1
3752,0
6175,0
377,0
8211,1
2389,1
8087,0
2113,1
7877,1
1314,0
5772,0
8128,1
1410,1
811,0
8417,1
8365,0
6287,1
6839,0
6574,1
1526,1
7330,1
5982,1
2067,1
1826,0
1521,0
4485,1
5119,0
1636,1
2840,1
1269,1
8639,0
8001,1
157,0
3968,0
407,0
2391,0
2731,1
205,0
3951,1
4692,0
5160,0
3569,0
7279,1
4258,1
536,1
7641,0
8096,1
1078,0
7770,0
1981,0
8457,1
7795,1
8614,0
884,0
4273,1
824,1
4343,0
8301,1
7498,0
4844,0
3234,1
2667,1
4128,0
6207,1
1980,0
5615,1
374,0
2964,0
2012,1
7577,1
7054,1
3152,0
7594,0
1463,0
870,1
5668,0
2075,1
7673,1
628,0
2917,0
195,1
7335,0
6583,1
3,0
1419,1
423,0
4088,1
6034,1
6340,0
8471,0
2906,0
8375,0
8179,1
7808,0
4943,1
693,0
4114,0
3025,1
4641,1
5855,1
1667,1
6413,0
6582,0
5506,1
942,1
2401,0
4932,0
4225,1
7232,1
3935,1
1351,0
1655,0
6200,1
6894,0
6916,0
876,1
1225,0
6679,0
6105,1
1565,0
3442,0
5049,1
7177,1
4377,0
7496,1
7265,0
620,0
6354,0
3051,0
1198,1
6870,1
8195,0
3934,0
4555,1
486,1
2825,0
2290,0
6402,0
7816,1
6586,1
7201,0
1955,0
5317,1
8642,0
5995,0
8028,1
5973,0
3883,0
6397,0
1888,1
5352,1
3246,0
893,1
5345,0
2984,0
4249,0
2803,1
2481,1
6937,1
503,0
4482,1
6718,0
8625,1
451,0
4031,1
1313,0
3978,1
1835,0
242,0
7642,0
2498,1
2051,1
4988,1
6640,1
1421,1
7346,1
1613,0
5241,0
7700,0
44,1
8144,1
583,0
5183,0
5836,1
1518,1
8685,1
7785,0
4418,0
4409,1
5533,1
3502,1
1014,1
6274,1
7536,1
385,1
7149,1
4701,1
6053,1
5856,0
4144,0
2486,0
4096,0
3898,0
7644,1
6592,1
3327,0
6172,0
778,0
4005,0
1400,1
3740,1
5746,1
8189,0
3260,0
3749,1
1610,0
6020,1
1978,1
98,0
974,1
5025,1
366,1
1788,1
6921,0
1345,1
8051,0
4785,1
4880,1
1259,0
2737,1
3819,0
4788,0
3319,1
6612,1
8612,0
7722,0
3636,1
8671,1
5264,1
7339,0
3273,1
8485,1
8546,1
6246,1
940,0
932,0
6915,0
40,0
6335,1
7004,0
7588,1
2953,0
2442,1
1906,0
4362,1
346,1
5257,1
3661,1
3468,0
1391,0
7138,1
7801,0
3183,0
315,1
6102,1
2939,1
1223,1
3220,1
2003,1
1459,0
5136,1
3404,1
8692,1
2691,1
3120,0
2398,0
5213,1
4684,1
5629,0
3452,0
4113,1
2021,1
2227,1
3342,1
1566,0
5088,0
1562,0
228,1
6069,1
4279,1
498,1
1536,1
1292,0
926,0
2832,0
5921,1
5262,1
3795,0
5405,1
2923,1
456,1
6868,1
1365,0
5101,1
6919,0
3241,0
3136,1
6337,1
2273,1
3776,1
4235,0
7048,0
3272,1
6334,1
4330,1
4422,0
4431,1
3275,1
1129,0
5925,1
139,0
6731,0
4338,1
4575,0
162,0
3358,1
2256,0
95,1
3240,1
3581,0
5066,1
4246,0
2388,0
6853,0
8462,0
7645,1
3724,1
7540,0
5061,1
3123,0
2293,0
7469,1
6445,1
1051,0
4316,1
4464,1
5966,0
7774,0
3800,0
3600,1
6174,0
1921,0
2492,1
6145,1
2912,0
3455,1
6880,0
7141,1
1938,0
2424,1
4015,0
3563,0
6385,0
7840,1
4769,0
8,1
6117,1
5557,0
4926,1
4763,1
5510,1
5072,0
51,1
2740,0
3729,1
6984,0
1568,1
575,0
837,0
3149,1
2088,1
1036,0
4290,1
8584,1
4298,1
3124,1
3622,1
1996,0
5315,1
4186,0
6007,1
8115,0
86,1
531,1
7052,0
3085,1
411,1
6126,0
1406,1
5658,0
2596,0
2010,0
3312,1
3921,0
6844,0
3727,1
2605,0
5899,0
1654,0
7016,1
2284,0
1746,0
7621,1
788,1
4858,1
524,1
3719,1
1665,1
2239,0
4572,1
2305,0
1949,1
7585,0
75,0
505,0
1723,0
4240,1
24,1
7250,1
2205,0
6231,0
6524,1
7166,1
2322,0
4360,0
1911,1
1291,0
6795,0
146,1
5912,0
8244,1
2856,1
785,1
3942,0
6743,1
1000,1
5289,1
4474,1
6741,0
3826,0
1927,1
7717,0
3389,1
706,1
7864,1
1484,0
1813,0
6476,0
1766,0
3155,0
7329,1
8571,1
8500,0
3861,0
58,1
5551,0
6201,0
3303,0
7712,1
7890,1
3554,0
7515,0
5550,1
4223,1
7205,1
6171,0
7074,1
1747,0
2800,0
938,0
6709,0
6629,0
7576,0
2278,1
3530,1
3780,0
436,0
8376,0
8048,0
757,1
3647,1
1477,1
8205,1
1252,1
2714,0
6965,1
6614,1
7500,1
7412,0
7463,1
2373,1
731,0
2444,0
6021,0
2299,1
8314,0
7913,1
7388,0
1800,1
6956,0
7692,1
2141,0
2971,1
2070,0
1451,0
5134,0
7255,1
8090,0
3797,1
5958,0
7960,1
217,0
2560,1
8230,0
2657,0
2736,1
6299,0
2700,1
8444,0
8440,1
571,0
8293,0
1769,1
2870,1
1973,0
8259,1
5942,1
4886,1
8282,1
1474,0
4646,0
2433,0
2000,1
2418,1
3818,0
5464,1
2629,1
1284,0
679,1
7728,0
3417,0
8397,0
1602,1
5144,0
7681,1
7981,1
5869,1
5458,1
5169,0
5497,1
317,1
1449,1
5428,0
4564,0
4097,1
3388,1
4107,1
5015,0
7847,1
5508,0
3856,1
3339,1
8107,1
2755,0
1416,0
6110,0
2570,0
6963,0
333,0
8194,0
3834,0
23,0
7888,1
3088,0
918,1
4058,1
7075,1
1165,1
1174,1
3821,1
7085,0
3458,0
6749,0
5854,1
6958,0
6344,1
2291,0
6027,1
6488,0
3000,0
789,0
7385,0
1173,1
997,0
8192,1
4339,1
7855,0
4160,0
6403,1
2116,1
5594,1
6683,0
953,1
580,1
4357,1
2209,1
4881,1
4919,1
5863,0
6650,0
5079,0
7838,0
2590,0
1332,0
7471,1
4291,1
1659,1
5719,1
6498,1
1571,1
1092,0
2686,0
4536,1
7980,0
3323,0
7510,1
2945,0
2338,1
5736,1
1423,0
7680,1
5287,0
7638,0
5514,1
2564,0
7418,0
8064,0
5972,1
6471,1
3761,0
7332,0
7948,0
5588,1
3976,1
6279,1
2587,0
8275,0
4585,1
3587,1
1217,1
2416,0
6617,0
6296,1
121,0
7129,1
8327,1
1922,0
6932,1
1126,0
2083,1
7262,1
3229,1
7364,1
5637,1
4521,1
5117,0
6424,0
5355,1
8656,1
4213,0
3844,1
2862,1
4850,0
6380,0
435,0
1076,1
5332,1
552,0
7464,1
4512,1
5697,0
4055,0
5337,1
4779,1
1407,1
5750,0
2960,1
4830,0
2014,1
3460,1
8658,1
222,0
1622,1
695,0
5498,0
7297,0
7284,0
2001,1
4293,1
8495,0
6221,0
607,0
3179,1
3521,1
6193,0
5062,0
5553,0
8285,1
3710,0
4897,0
2464,0
7754,0
8379,1
1817,0
7182,1
5002,0
7930,1
4566,0
406,0
2168,0
5732,1
3564,0
2622,0
2690,0
6660,1
1576,0
3066,0
5591,0
3296,1
4361,1
1003,0
5726,1
6988,0
6725,1
1114,1
4735,1
3810,1
1706,1
4436,0
834,1
6714,1
6734,0
3098,0
6609,0
7454,1
4463,1
3026,1
7069,1
7768,1
8522,1
5549,1
462,0
1195,0
3469,1
6165,0
2367,1
4445,1
8216,1
8175,0
390,1
5007,0
2161,1
7991,0
4833,1
8280,1
856,0
1529,1
6539,0
8132,1
3534,1
4440,1
6810,0
7597,1
1882,1
4389,1
3852,1
8010,1
8381,0
1829,1
553,1
7708,0
5839,0
2393,1
7148,0
2995,0
1229,1
3881,1
6793,0
1816,0
7198,0
948,1
6842,1
4696,0
1441,1
3870,1
1104,0
7530,0
5304,0
1281,0
3259,0
7954,1
6271,0
8047,0
3344,0
5663,0
4508,1
2655,1
2745,1
5641,1
8543,0
8180,0
763,1
1031,1
8691,0
7834,1
280,0
3381,0
5377,0
4317,0
1908,1
4665,1
6479,1
1896,0
4407,1
4396,1
6935,1
3500,1
2127,0
8149,1
7925,1
5945,0
3285,1
6531,1
7071,1
1099,0
6,1
850,0
794,0
929,1
963,0
4319,0
2212,0
312,0
643,0
5674,0
8269,0
3962,1
5396,0
5640,1
6992,0
2944,0
3886,1
7209,0
8577,0
1408,0
2539,0
2381,1
3385,0
6120,1
6371,1
6008,1
1187,0
1887,0
1035,0
5185,0
1733,0
6605,1
3214,0
3061,1
1492,0
5601,1
241,0
8534,0
1424,0
5791,0
7208,0
7460,1
4661,0
5385,0
3307,1
2253,1
6939,1
4953,1
5738,1
420,0
2566,1
230,0
2320,0
1621,0
8151,0
1236,1
2662,0
7705,0
7431,1
1434,1
6838,0
4836,0
5067,0
1637,0
2098,0
1508,0
2760,1
2364,1
8382,0
2649,0
2651,1
2315,0
5068,1
983,0
2989,1
8541,0
1607,0
5624,1
5578,1
283,1
4282,1
5226,0
8124,1
1319,1
8309,1
4021,1
3618,1
6576,1
2460,0
6967,1
8613,0
6543,1
1102,0
2676,0
1535,1
5250,1
5348,1
3806,0
8681,1
3957,0
6769,1
3461,1
52,1
5210,1
2361,0
1633,1
4990,0
1155,0
2359,1
2882,0
7334,1
2930,1
2368,0
2812,0
7782,1
2789,0
2265,0
3656,1
1,1
6309,1
2581,1
1435,0
5992,1
6986,0
7260,0
8406,1
1763,0
8218,1
4606,0
2325,1
7723,0
7050,1
1257,1
1254,0
892,0
8006,0
1149,1
7787,0
5268,1
2151,1
2878,1
4334,1
865,0
3665,1
6215,0
1539,0
4311,0
69,0
7174,1
6530,0
7686,0
6871,0
5341,1
4920,1
5986,0
4066,1
6427,1
5050,1
7486,1
6217,1
7836,0
827,0
1480,1
226,0
1994,0
3122,0
469,0
6913,0
3022,1
7152,0
6595,0
8234,1
6867,1
7394,0
5170,1
2312,0
5460,0
6506,0
5684,1
1185,0
3207,1
5018,1
1591,0
2549,1
7245,0
7944,1
5331,1
3997,0
2708,0
6322,1
3812,1
5768,1
2670,1
4664,1
2896,1
6814,0
4146,0
2727,1
930,0
5895,1
6122,0
8445,1
8617,1
7556,0
4059,1
608,0
5115,0
0,0
3424,0
3274,1
5222,1
7742,1
7098,0
3599,0
3277,0
6840,0
6467,0
6509,0
2926,0
3963,0
7323,1
6540,0
6764,1
766,1
4509,0
3784,0
582,0
2085,0
2924,1
569,1
6369,1
1084,0
7035,0
5034,0
2448,0
6902,0
7191,1
239,0
6523,1
619,1
1471,0
5380,0
3199,1
7622,1
3250,1
7659,1
6025,1
7511,0
3874,0
995,1
251,0
7353,0
5282,1
4991,1
7078,1
7365,1
6214,1
5774,0
7818,0
4349,1
1489,0
3194,0
5059,0
7735,0
2038,0
3845,1
8018,1
3233,1
2304,0
1233,0
6430,1
1808,0
7865,1
5890,1
6230,1
4420,1
5748,1
1848,1
797,0
4520,0
7534,0
6519,1
485,0
7055,0
4642,1
7215,0
8362,1
626,1
3616,1
1160,1
1237,0
8331,1
2871,1
8593,0
8652,1
6056,0
1095,0
268,1
8398,0
3764,0
6806,0
7408,0
1368,0
5265,1
2659,1
7845,0
5450,1
3630,0
7615,1
425,0
5691,0
1960,0
1859,1
1830,0
2814,0
7655,0
7387,0
4740,1
2966,0
1533,0
5100,1
1635,1
8102,0
3763,0
7282,0
3628,1
5692,1
5019,1
3423,1
1873,0
6667,1
8350,1
846,1
3209,0
1046,0
1953,0
492,0
7207,1
8515,0
4718,0
109,1
8043,1
2829,0
5617,0
7235,1
367,0
5490,0
3489,0
1127,1
5569,0
7184,0
6363,0
8009,1
2770,0
373,0
1158,1
295,1
1503,1
7259,1
6931,0
6241,1
3243,1
1782,0
4584,0
5728,1
4837,1
1139,1
6239,0
1666,1
7009,1
5771,1
4906,0
745,1
2886,0
7254,1
4538,1
6453,1
6146,1
3019,1
6877,1
5872,0
4591,1
988,1
7709,1
4728,1
3239,0
5702,1
5725,0
7422,1
3158,0
3144,1
7843,1
1186,0
4060,1
7064,1
6929,1
3753,0
42,0
1157,0
8292,1
6732,0
5840,1
3174,1
3402,0
2089,0
6865,0
3692,1
4610,1
8424,0
8666,1
4805,1
4227,0
5480,0
2575,1
875,1
5845,1
458,1
6170,0
5528,1
3544,0
6817,0
4510,1
7181,0
2999,0
6003,1
82,1
16,0
8467,1
3348,1
3678,0
2852,1
2660,0
8622,1
5898,0
599,1
1619,0
6188,1
3866,0
1429,0
4840,1
8506,0
153,0
8396,0
5009,1
829,0
7844,1
1336,1
3649,1
1358,0
47,1
2193,1
2426,0
5046,1
6876,1
8322,0
8252,1
428,1
2382,0
6954,1
3369,0
4809,0
904,0
6572,1
5739,1
3817,0
3714,0
823,0
2054,1
8073,0
678,1
8173,0
510,1
3862,0
4842,1
5237,1
3993,0
5635,1
3115,1
740,1
7134,0
2187,1
1294,1
442,1
1415,0
4108,0
1851,1
3255,1
7866,0
3552,0
1042,1
2191,0
6926,0
6396,1
3931,1
8304,1
4693,1
7095,1
913,1
3913,1
8459,0
1285,0
4161,0
7559,1
25,0
41,1
3231,1
1015,1
7574,1
7189,0
2404,1
5320,0
4072,0
5720,0
8188,0
8349,1
5880,1
7356,1
64,0
1007,0
7115,1
900,1
896,0
261,0
6924,1
2526,1
8659,0
2437,1
2646,0
1271,0
585,1
8585,0
49,0
5307,0
530,0
5651,1
1734,0
658,0
5256,0
5777,1
8688,0
316,0
5516,0
8586,0
6462,0
2165,0
2148,1
6549,1
7371,1
3535,1
6566,0
5749,1
6771,1
697,1
1634,1
8196,1
7532,0
7547,0
2233,1
2472,0
854,0
6697,0
6108,0
4962,1
4874,0
8086,1
6346,0
3242,1
460,1
6570,1
4961,0
3408,1
1934,1
3545,1
6162,0
3015,1
8377,0
5597,0
2988,0
4673,0
7745,0
4771,0
4384,0
1815,0
3789,0
1673,0
6944,0
1758,0
4369,1
4028,1
122,1
5964,0
1863,1
7613,1
1175,1
8062,0
7945,0
2262,1
670,0
3351,1
2431,0
4969,0
8446,1
271,1
4873,0
5381,0
6684,1
2573,0
3200,1
8561,1
1251,0
6236,1
2024,1
6747,0
5451,1
1397,0
7517,1
1582,0
6379,0
7747,1
4942,1
4615,1
7701,1
2949,0
5353,1
7420,1
3221,1
8431,0
4622,1
5521,0
5150,0
208,0
5012,0
2792,0
7375,0
3481,0
2720,1
506,0
1672,1
1390,0
6482,1
853,0
6851,1
1952,1
8664,1
5021,0
5580,1
1148,0
7475,1
5990,0
5631,1
1781,1
1757,0
7710,1
699,0
7276,0
6904,1
1670,1
2185,0
597,1
5102,1
2137,0
6348,0
2806,0
7934,0
2604,0
6472,1
6377,0
158,1
3065,0
2752,0
8261,1
3386,1
5316,1
4605,0
5489,1
6444,0
8363,0
5129,0
7038,0
2102,1
5690,1
6551,1
3103,0
936,1
5959,1
6739,0
5608,1
2386,0
4315,1
3148,0
7873,1
6352,1
5313,1
7419,0
8329,0
4939,0
2758,0
4042,1
2773,0
6254,1
2764,1
4321,0
4255,0
2563,1
4852,1
8588,0
2280,1
1885,0
6881,1
6013,0
3479,0
5886,1
6272,1
7290,0
3160,1
1538,0
4866,1
4025,1
459,0
8045,0
7962,0
971,0
1469,0
8672,0
6375,0
4017,0
4825,1
4723,0
6822,1
701,0
252,0
1162,1
3087,0
5427,1
159,0
5214,0
8433,0
1353,1
5993,1
5466,1
1130,1
6484,1
5082,0
1968,0
4686,1
2738,0
7156,1
3626,0
7825,1
1121,1
55,0
3894,1
7434,0
2991,0
2890,1
6458,0
1840,1
8427,0
6639,0
4843,1
2928,1
5744,1
8599,0
4964,1
5406,0
4062,1
4506,0
1853,1
947,1
4324,0
7082,0
3410,1
5346,1
6706,0
3955,0
4012,0
5394,1
6624,0
6788,0
7935,0
3017,1
5032,0
5029,1
6623,1
5927,1
2861,0
1646,1
4010,1
2836,0
5926,1
2196,0
5393,0
5769,1
5263,1
5802,1
8148,0
4181,1
8272,1
1331,0
683,0
438,1
8232,0
8452,0
3271,0
5479,1
825,0
3676,0
3031,1
3170,0
8488,0
8227,1
6537,0
8265,0
6166,0
1616,0
7020,1
4582,0
836,1
483,0
7544,1
4879,1
3959,0
5240,0
8581,0
6152,0
1693,0
882,0
2846,1
3604,1
2932,0
6399,1
8204,0
5994,1
81,1
8214,0
4804,1
8372,1
5939,1
6819,0
8344,0
1152,1
6573,1
4717,1
8105,1
5258,0
1696,0
5436,1
7354,0
6042,1
5730,0
363,0
5920,1
7256,1
7476,1
4925,1
234,1
4863,1
5164,1
4121,0
5747,1
1327,0
2757,0
4734,1
3151,1
3948,0
8035,0
6168,1
2455,1
3419,0
3034,0
4746,1
4381,1
3002,0
4100,1
3261,0
3203,1
6449,1
8324,1
1904,1
1401,0
7015,1
3638,1
2880,0
5202,0
2194,0
1456,1
4974,0
1739,1
2493,1
5731,1
3099,1
796,0
7012,0
1256,0
5191,0
7688,0
3078,1
1123,0
355,0
6289,0
6285,1
369,0
1011,0
4650,1
4253,1
6925,0
3639,0
694,0
8081,1
5135,1
53,1
465,0
4187,1
5362,0
1199,1
4994,1
4958,1
3474,1
3338,0
4466,0
2451,0
7089,1
7891,0
8426,0
4119,1
2867,1
1189,0
5861,0
417,1
5142,0
1299,1
2942,0
7019,1
774,1
1089,1
901,0
2663,0
7133,0
5527,0
8502,1
7587,1
5813,1
2674,1
1846,0
2195,0
1772,0
840,0
4794,1
646,0
6189,0
6631,1
1866,1
8223,0
4342,1
3619,0
5833,1
7806,0
532,1
5011,0
715,1
920,0
5329,1
7456,0
5382,0
3453,0
1420,0
3654,1
3395,0
5416,1
6302,0
8477,0
1884,1
7132,1
186,1
3067,1
2726,0
7777,0
2845,1
1692,0
741,0
565,0
3372,1
133,1
4675,1
4808,1
7876,1
7094,0
7140,1
1822,0
132,0
4885,0
6493,0
2948,0
43,0
8014,0
6726,1
6846,0
1624,1
399,0
3688,0
5530,1
5648,0
5573,1
4573,1
4834,1
2913,0
6575,0
1393,1
4580,0
5834,0
5452,1
2548,0
2302,1
266,1
3637,1
2150,1
4257,1
2680,1
6316,1
4487,1
2848,1
3594,1
6826,1
2791,0
5837,0
6124,1
206,1
7433,0
7630,0
3915,1
1283,1
4450,1
3293,0
8355,1
5525,0
1485,1
6450,1
6804,1
2612,0
4244,0
3603,0
225,0
2058,0
7343,0
621,1
2491,0
3746,1
1669,0
3823,1
5239,1
7355,1
6547,0
4770,1
1317,1
397,0
1316,0
4733,1
7457,0
760,0
3281,1
2881,0
708,1
2351,1
2884,0
1789,0
2370,0
3300,0
4221,0
8569,1
2537,1
958,1
3666,1
1523,1
5830,1
1027,1
3208,0
4559,1
5445,1
8389,0
107,1
7839,0
869,1
3097,0
344,1
2276,0
8359,0
6384,1
3058,1
7462,1
2037,0
5413,1
4562,1
5058,0
5618,1
303,1
4878,0
6366,1
5778,1
3991,1
4129,0
845,0
6701,0
3459,1
8498,1
8284,0
7336,0
1490,1
7415,0
2733,0
3814,0
2499,0
7932,1
3721,0
2270,1
6975,0
6507,1
5152,0
6627,0
3939,0
6406,1
6090,1
5979,1
1879,0
28,1
1354,1
1893,1
1361,0
8490,0
149,0
277,0
6991,1
6176,1
5219,0
6191,1
5286,0
2707,1
1375,0
6315,1
4341,1
287,1
689,1
7302,0
1890,0
125,1
8549,0
307,1
3009,0
4233,0
4444,1
2703,0
6466,1
8572,0
7179,1
5043,1
4599,1
4231,0
6499,1
7443,1
6196,0
302,0
8568,0
35,1
6824,0
7656,0
5438,1
104,0
5322,0
1730,0
6292,1
2275,0
1556,1
291,0
8455,0
7927,0
3736,1
3892,0
519,0
6733,1
484,1
5035,1
335,0
6606,1
4471,0
209,0
1008,0
1802,0
820,0
3477,0
5220,1
2986,1
2967,0
3210,1
1703,0
7118,0
5400,1
273,0
7687,1
943,0
8474,0
4530,0
1100,1
3375,0
3840,1
1261,0
4198,0
2266,0
6290,0
7368,0
285,0
600,0
5235,0
4631,1
5103,0
6505,1
296,1
7738,0
2576,0
4110,1
7714,1
6821,1
4045,1
4142,1
5165,1
6085,0
3627,0
5841,1
5636,1
1019,0
1653,1
4666,1
1227,0
7493,1
3302,1
2958,1
7558,1
6762,0
4714,0
3054,1
3660,1
1642,1
5364,1
8023,0
7707,0
7936,0
7096,1
5373,1
4275,0
2627,0
6383,1
7324,1
2234,0
4748,1
496,0
8150,1
8289,0
7757,1
7102,0
3014,0
4383,1
6691,1
3132,1
6983,1
8215,0
2328,1
8483,1
817,0
4989,1
1811,1
6672,0
772,0
1741,1
5247,1
4519,0
1656,0
5937,0
7163,1
2689,0
4136,0
5763,0
1230,1
6647,0
2175,1
5154,0
4008,1
6133,1
704,1
1718,1
5426,0
6349,1
6966,1
179,1
4437,0
6234,0
8437,0
6860,0
6767,0
4611,1
8065,0
1626,0
5470,0
5374,1
2582,0
3127,1
3486,1
3922,0
3074,1
7266,0
2108,1
1235,1
8209,0
8003,0
5429,1
3432,0
7507,0
6727,0
3974,0
502,1
308,0
6314,1
7348,1
3377,1
657,0
4083,1
6002,1
6294,0
6655,1
2115,1
1308,1
1663,0
3168,1
5566,0
2372,1
596,1
2802,1
4157,1
2103,1
4676,1
3362,0
8255,0
2079,0
3831,1
6257,1
3867,1
3529,0
3568,0
7143,1
8676,0
388,1
8404,0
2572,0
1068,0
7512,0
6812,1
6370,1
5985,1
6356,1
2033,1
6789,1
214,0
5818,0
5447,1
1875,0
8499,1
2828,0
1928,0
3952,1
8644,0
8604,0
2397,0
8029,1
3794,1
2447,0
6415,0
114,1
7187,1
2925,1
5130,1
8512,0
4205,1
1264,0
6536,1
8296,1
2768,1
4561,0
66,0
4373,1
6703,1
3920,0
1687,1
5070,1
5529,1
339,1
8478,0
6858,1
1464,1
3305,0
1356,0
371,0
4063,1
654,1
3804,1
5193,1
888,0
8409,1
4712,0
1030,0
8366,1
8013,1
7113,1
723,0
3390,1
2459,0
1614,0
6119,0
4887,0
8454,0
2318,0
2513,0
5277,1
33,1
734,0
1369,1
4687,1
7766,0
6501,1
6418,1
700,0
803,1
78,1
2748,0
4643,1
5800,1
4921,1
7482,0
3982,1
1986,0
4798,0
6096,1
3320,0
4167,1
6076,1
4823,1
4973,0
8392,0
4727,0
6681,0
2698,1
5943,1
6719,1
6185,1
6036,0
8156,1
1245,1
5078,0
4247,1
7477,1
3454,0
7551,1
2892,1
257,1
1698,1
4877,0
3133,0
1392,0
2510,0
2144,1
709,0
5224,0
2571,1
7497,0
8530,1
422,0
3498,1
4069,1
832,1
3744,1
3350,1
7059,0
380,1
8591,0
7119,1
3137,1
1972,0
719,1
4523,1
4024,0
7521,1
2420,0
3254,1
318,1
3623,0
1357,0
7781,1
5476,1
4082,0
1553,0
5172,1
3366,0
994,1
8687,1
6560,1
8383,0
1979,0
4649,0
4071,1
182,1
2639,0
3690,1
8601,1
5402,1
946,1
558,1
4250,0
6792,1
6772,1
7924,0
7894,0
4952,0
7951,1
4048,1
3289,0
8400,0
5056,0
7900,0
5519,0
5593,0
5440,1
3981,0
1013,1
400,1
2432,1
7037,1
899,1
7958,0
6907,0
3524,0
4395,1
2039,0
5655,1
8266,0
655,0
1364,0
6266,1
3555,1
1168,1
3101,1
2484,1
5230,1
8650,1
7815,0
3583,1
2048,0
1290,0
4061,1
2469,0
6972,0
2850,0
511,1
5809,0
4410,1
221,1
3464,1
3294,0
6710,1
5664,0
2018,0
5611,1
4883,0
6139,0
8185,0
119,0
2656,0
7851,0
6276,0
7146,1
555,1
6132,0
229,1
4957,1
5723,1
3175,1
5605,1
6259,1
8619,0
8061,1
6125,1
3723,0
4239,1
4280,1
6900,0
8367,0
6563,1
858,1
6634,0
7006,1
6688,0
4364,1
5741,1
6386,0
84,0
5780,1
4816,0
5666,0
8221,1
2096,1
3973,1
4547,0
8074,0
7484,0
8370,0
3733,0
4185,0
6010,0
3578,1
8300,0
2015,0
4480,1
7362,1
1323,1
3191,1
351,1
6702,1
5197,1
1132,1
668,1
5298,0
6401,0
6720,0
642,0
4068,0
6619,0
4163,1
1427,1
7523,1
6483,1
1694,1
1243,0
2347,1
1124,0
1302,0
3145,1
7926,0
6222,0
165,0
8145,0
1713,1
6620,1
6657,0
6960,1
1907,1
2226,0
2452,0
6238,1
1431,0
5634,0
906,1
7310,0
1370,1
6680,0
5005,0
2508,0
7595,1
2110,0
4304,1
1479,1
8518,1
1260,0
2134,0
1647,1
2480,0
5786,0
3035,0
3519,1
5814,1
1491,1
574,1
440,1
1545,0
7213,0
8103,1
7193,0
8507,0
2821,0
5893,1
6973,1
4191,0
3439,0
5335,1
5457,0
6485,1
7977,0
3353,1
5679,0
1125,0
6392,0
1270,1
6805,1
5310,0
5572,0
267,1
5789,1
6109,0
7223,1
3154,1
7001,0
2897,1
6872,1
8084,0
3172,0
2611,0
3322,1
5698,1
4743,1
2112,0
5211,1
5622,1
4241,1
5194,0
488,0
7341,1
7092,0
4507,1
898,0
8072,0
359,0
5779,0
7729,0
5555,1
3157,0
5784,0
1004,0
7792,0
6477,1
1728,0
6974,0
3330,0
463,1
4618,1
3126,0
3053,0
5826,1
2022,1
3368,1
2943,1
362,0
8647,0
5026,0
161,1
5354,0
2482,0
7321,0
7804,0
4847,1
5415,0
5571,0
1557,1
3675,0
7765,0
4193,0
8235,1
4037,0
8564,0
5857,0
6544,0
6735,0
3071,0
4132,1
6832,1
6976,1
1177,0
450,0
8503,0
4752,0
3520,1
5175,0
7887,1
7975,0
4589,1
5434,0
2816,0
6562,0
7910,0
6414,1
3306,0
7309,0
7080,1
1337,0
3825,1
1311,1
3667,1
5383,0
8054,0
491,0
330,1
5576,0
3584,1
7646,0
651,0
883,1
4333,0
5084,0
5153,1
3349,0
7065,0
4352,0
8024,1
7648,0
1514,1
5149,1
3472,1
4903,1
3559,1
5294,0
8337,0
5534,1
1742,0
6087,1
4845,0
5276,0
6884,1
4310,0
5414,1
6142,1
5575,1
1547,0
5824,1
3843,1
419,1
7384,1
7771,0
6284,1
5279,0
8690,1
6750,1
150,1
5693,1
4792,1
998,0
3186,0
7331,1
2725,1
2340,0
2471,0
4123,1
5040,1
7316,0
7856,0
8610,1
6990,1
3201,1
8251,1
1146,0
5677,1
7395,0
3664,1
6005,0
5552,1
8517,0
6387,1
7790,1
5502,1
1854,1
4267,1
1513,0
7291,0
448,0
3936,0
6186,0
6089,1
7971,0
7679,1
5537,0
2402,0
1985,1
4424,1
2106,1
819,1
7474,0
1632,0
6111,1
7007,1
7667,0
4677,0
6823,0
6604,1
3640,0
6269,0
841,0
4513,1
7452,0
2893,1
781,1
3336,0
392,1
5285,0
2592,1
6351,1
7363,0
6643,1
5446,1
2045,0
813,1
5106,0
855,1
4134,0
2647,0
5231,0
4238,1
2395,1
5545,1
6637,0
5229,1
5408,0
1070,0
5388,0
584,0
4721,1
1629,0
6522,0
6659,1
4130,1
1282,1
3946,1
8679,1
8475,0
5386,0
4790,1
1115,1
5157,1
3713,1
2833,0
3830,0
4287,0
54,1
7675,0
4432,0
1805,1
928,0
5783,1
8323,0
6708,1
6953,1
1962,0
2064,0
3655,0
7875,1
6173,0
7631,1
5272,1
6163,1
7219,1
4469,0
7470,1
8321,0
6780,1
6331,0
4922,0
90,1
2501,1
1541,1
2362,0
1984,0
3839,1
5368,0
6473,1
2162,1
1865,0
487,1
5956,0
1931,1
2947,0
5014,1
2023,1
8354,1
4116,0
5873,0
2415,0
4387,0
5055,0
7649,0
739,0
1524,0
6487,1
1079,1
7147,0
3110,1
6018,1
65,1
4601,0
3849,1
1240,0
433,0
3392,1
5295,0
3422,1
5155,0
3865,0
7689,0
3248,0
5565,0
8538,1
2610,1
4224,0
826,0
5206,1
1234,0
4783,1
6000,1
5467,0
8055,1
3707,0
3615,1
1577,0
1010,0
3701,1
4314,1
3142,0
5630,1
4938,1
5472,1
7236,0
8576,0
8190,0
7230,1
6607,1
4531,1
5688,1
7809,1
7720,0
6123,1
7084,0
3717,0
7775,1
4633,0
2534,0
2922,1
93,1
1287,1
577,1
3902,0
7154,0
4036,0
5820,1
2820,0
3467,0
6500,1
4865,0
8088,1
2385,0
7718,0
7660,1
863,1
5556,0
1773,0
2321,1
4864,0
4111,1
8119,1
7472,0
8287,0
5141,0
4768,0
4670,0
8206,1
1201,0
5871,0
3854,0
7022,0
1242,1
2072,1
7863,0
2306,0
8616,1
5657,0
6777,1
6358,0
376,0
1760,1
5963,1
2057,0
4824,1
1315,0
8299,1
1117,0
4179,0
6429,0
4194,0
4652,1
8447,0
4285,0
482,1
1544,0
4503,1
8271,1
22,0
7533,0
5042,1
349,0
2876,0
8278,0
5822,0
5969,1
4703,1
7444,0
6040,1
3265,0
4888,1
1965,1
6848,0
8262,0
547,0
8290,0
2865,0
3204,0
5948,1
356,1
7173,0
2028,1
814,1
4084,0
665,1
4806,1
7896,0
3113,0
8380,1
391,0
2153,1
7928,1
7542,0
2329,0
3345,0
6376,0
4967,1
8181,0
4089,0
1396,1
3885,1
2595,1
7077,1
4722,1
771,1
6311,1
6511,0
4118,0
7964,1
3387,1
8633,0
7614,0
7799,1
3407,1
5650,1
4757,0
7425,0
4683,0
1301,1
3441,1
3340,0
2916,1
1974,0
5306,0
7752,1
2450,1
6411,1
556,1
4636,0
7759,1
1442,1
7833,0
6820,0
410,0
4283,1
300,1
3090,0
8627,1
8242,1
2206,1
4504,0
7862,0
8085,0
99,0
7439,0
2274,0
663,0
1958,0
6455,0
8539,1
6407,0
8277,1
3827,0
5694,0
8254,0
131,0
7014,0
6275,1
3055,0
5733,1
4426,0
2678,1
3379,1
5743,0
6393,1
5074,0
7211,1
2027,0
3927,0
2900,0
240,1
1371,1
4612,0
1858,0
7459,1
4228,0
1218,0
7537,1
4548,1
7602,0
7268,1
2987,1
617,1
3711,0
6398,0
6645,1
4807,0
7426,1
6061,1
6437,1
5546,1
3164,1
5473,0
4417,0
3298,1
5787,1
4827,0
2412,0
7653,0
3112,1
1215,0
8058,1
1288,0
2456,1
262,0
7145,0
5795,1
2558,0
8412,1
5324,1
7465,0
151,1
4208,0
2898,1
7111,1
5883,1
8059,0
2692,0
4094,0
4648,0
6802,0
8510,1
1814,1
2783,1
1445,1
2634,1
6863,1
624,0
3785,1
174,0
5303,1
5938,1
4782,1
8312,1
8311,1
5126,0
1172,1
8313,1
7541,1
4543,0
5343,1
1531,1
8000,1
7880,0
6778,1
2641,1
1384,1
8243,0
3135,0
7693,1
175,1
8643,1
3857,0
7796,0
92,1
2097,0
782,0
7390,1
6923,1
7167,0
3758,1
7569,1
3591,1
7531,0
1439,1
5860,0
4210,1
696,1
2314,0
3550,1
3326,1
7401,1
142,1
1374,1
2889,1
764,1
2288,1
6994,1
204,0
4867,1
3970,1
4694,1
3674,0
702,0
1136,0
6313,0
3582,1
4801,1
726,1
5274,1
7489,1
3533,0
5132,0
5968,1
2675,1
919,0
2430,1
2005,1
1143,1
6751,1
7468,0
3741,1
4603,0
2149,0
7600,1
6841,0
4087,1
345,1
1049,1
7311,0
8152,0
4173,1
5094,1
1349,1
3292,1
8497,1
4019,1
3226,0
6532,1
1722,1
3104,1
7106,1
6252,1
1179,1
613,1
7117,1
5296,1
1977,1
2533,1
5661,1
145,1
1205,1
1689,0
3364,1
6782,0
1620,0
1202,0
3399,0
2754,0
7661,0
6729,1
6815,0
8302,1
4742,0
6854,0
2786,1
5757,0
7458,1
8570,1
3941,1
1145,1
5897,0
6004,1
6758,0
656,1
5221,0
4252,1
6080,1
4270,1
7637,0
517,1
6137,1
3786,1
3228,1
5913,1
7616,1
5484,0
2080,0
2788,1
6288,1
5485,1
1153,0
6598,0
952,0
7319,0
4306,1
7116,0
5180,1
1864,0
4982,0
7222,0
6736,1
1505,1
2963,0
1150,1
2077,0
1774,0
1648,0
6665,1
113,0
5559,0
2378,1
3490,0
7337,1
7200,1
7382,0
1743,1
4212,1
3895,1
4607,0
7003,0
8351,0
6864,1
1943,0
1777,0
5439,0
4481,1
6542,1
434,1
6305,1
3911,1
8636,1
2818,0
7985,1
3050,0
2795,0
6381,1
7627,1
7293,0
6888,0
5695,1
1971,0
1382,1
6856,1
2522,1
5425,1
1950,1
4133,1
236,0
3391,1
4889,1
5482,1
7378,0
5729,0
5038,0
8580,1
7101,0
7063,0
3762,1
288,1
3042,1
6603,1
6092,1
866,1
4217,1
2269,0
4544,1
7963,1
2872,0
3634,1
8338,0
7676,1
7168,1
6262,0
2742,0
6153,1
418,1
3497,1
468,1
6192,0
2231,0
4515,1
4644,1
3705,1
2794,0
8012,0
1850,0
8422,1
444,0
91,0
6744,0
8553,1
8686,0
4841,1
2126,0
6546,1
2728,0
5499,0
6689,0
4749,0
2965,0
1182,0
6677,1
5522,0
7810,1
6218,0
660,1
5548,0
1762,1
5625,1
1226,1
2004,1
4662,1
4151,1
478,1
3567,0
5462,1
7666,1
1586,1
1532,1
393,0
258,1
504,1
6339,1
5205,0
720,0
746,0
5806,0
115,1
6164,0
7164,1
3919,0
527,1
5203,1
1832,1
1824,0
1676,0
2823,0
6796,1
7583,1
7539,0
8032,1
4913,1
5517,1
8548,0
7404,1
8590,1
3748,1
7139,1
5123,0
7639,0
1765,0
8137,0
8114,0
5271,0
3526,0
1707,0
3960,0
3909,0
4148,0
2330,1
7383,1
1190,0
8318,1
8260,0
3492,0
7027,1
3485,1
6613,1
2254,0
7603,0
8264,0
5125,1
5474,1
5441,1
454,0
76,1
4397,0
7413,0
2977,0
4553,1
8281,0
1184,1
667,1
3560,0
3376,0
2199,0
5683,1
3202,0
6830,1
5696,1
5678,1
4218,1
6896,1
7528,1
6112,0
3891,1
105,1
2495,1
7253,1
334,1
48,0
3579,1
2201,1
5080,0
1932,1
2980,0
3434,0
7734,1
2855,0
1894,1
7227,1
7264,0
7773,1
1924,1
3510,1
1265,0
321,1
5644,0
1239,0
649,0
8191,1
903,1
7466,0
1755,0
1785,0
5753,0
917,1
690,1
7992,0
3996,0
1171,1
2008,0
4174,0
4820,1
786,0
7242,0
5187,1
5665,0
4993,1
4640,0
2583,0
6440,1
3914,1
6671,0
3130,0
3108,1
7882,1
4184,0
3743,0
5810,1
479,0
3662,0
4793,1
7153,0
894,1
8317,1
986,1
2335,1
6443,0
254,1
1091,1
326,0
3473,0
8630,1
5024,1
5906,0
4483,1
2868,0
4828,1
5950,1
6514,1
4294,0
8320,1
7870,1
1388,1
3508,1
622,1
1874,1
2179,0
1468,1
7392,1
6212,0
7488,0
2255,0
8212,1
5010,1
3923,1
7778,1
979,1
4579,1
6066,0
6216,0
1946,1
5209,0
4219,1
6138,0
4659,0
7916,0
2735,0
5044,1
1383,0
2181,1
4535,1
2683,0
2109,0
1033,0
1834,1
2371,1
2283,1
8283,0
4153,0
4465,0
7485,1
7658,1
6833,0
5293,0
8030,1
6895,0
5804,1
3822,1
1064,1
6641,0
6687,1
5881,1
6901,0
8603,1
2406,0
698,1
2849,1
8436,0
828,0
2267,1
705,0
4093,0
6211,0
6103,0
5064,0
3450,1
5705,0
7202,0
323,0
3808,1
5946,0
3556,0
8449,1
2120,0
1578,0
8268,1
6512,1
1163,0
1966,1
4411,0
476,1
3093,1
3720,1
1413,0
4715,1
7915,1
1055,0
143,1
1975,0
7527,1
4274,1
1050,1
7479,1
2648,1
1412,1
4621,1
6194,1
1482,0
4859,0
1430,0
6941,0
1110,1
2623,0
1889,1
3932,0
623,1
5492,1
2511,0
5093,0
63,0
4711,0
2379,1
3212,1
4930,1
681,0
6347,0
6903,0
8657,0
3998,0
5325,0
5879,0
4168,1
7280,0
1339,0
3057,0
6716,0
1081,0
6058,1
1842,1
7246,0
3513,1
6098,0
6875,1
2765,0
130,1
6118,0
533,0
1348,1
1569,0
1771,1
2301,0
975,0
4946,0
5384,1
4016,1
1433,1
6588,1
4678,1
6905,0
5924,0
3693,1
544,0
5595,1
5570,1
2976,0
112,1
8067,0
1166,0
7554,0
4554,0
2577,0
7922,1
1207,1
5742,1
5318,0
284,1
7972,1
5367,1
2857,0
5759,0
5116,1
5965,1
4592,0
5676,1
7567,0
3397,0
2518,1
2937,0
2247,1
2446,1
8108,0
421,1
6156,1
7699,1
3984,0
4893,0
7553,0
338,0
8228,1
1509,0
677,1
4171,0
7135,1
1090,0
3347,1
4137,0
897,0
902,0
3118,1
3751,0
2263,1
1058,0
7654,0
8637,0
3824,1
2031,0
4695,0
5174,1
4697,1
5708,0
347,0
3494,1
4192,0
6343,1
5494,1
769,0
5311,1
4065,1
970,1
4789,1
8393,1
8438,0
5047,1
1414,0
8286,1
3253,0
922,0
3169,1
2909,1
6035,0
5715,1
5590,0
6906,1
5420,0
1937,0
5609,0
6521,0
1278,1
213,0
7662,1
4356,0
5461,1
8316,0
4813,1
4632,0
1086,1
7218,0
246,0
7601,0
7165,0
8492,0
2326,0
1355,1
2392,1
1525,1
6599,0
1347,0
1510,0
515,1
3063,0
5255,1
675,1
7623,1
3354,0
6920,0
2747,0
8552,0
6223,1
6079,0
6293,0
5904,0
5412,1
4690,0
4959,1
4894,1
7987,0
4131,1
8611,1
2156,1
1069,0
4895,1
6879,1
2732,0
3416,1
2682,1
7852,1
2298,0
2968,0
1593,1
2998,0
5518,0
4532,1
5110,1
1128,0
398,0
2419,1
404,0
1338,0
2666,1
2421,1
737,1
3507,0
7860,1
7109,0
4638,1
6995,1
6116,0
885,1
4393,1
129,1
1898,0
2709,1
4902,0
5901,1
5225,0
6242,1
7920,1
1871,0
6737,1
4514,1
4254,0
5700,1
5838,1
7049,1
13,0
3514,1
1564,0
3178,0
2068,1
716,0
6711,1
742,0
6127,0
2309,0
8237,0
3384,1
6534,1
7640,1
6394,0
5051,1
7044,1
4815,0
5975,0
2159,1
5788,1
7062,1
1453,1
2763,1
711,1
3415,1
8193,0
7244,1
2264,0
5114,1
7555,0
1446,1
5953,0
6148,0
3900,1
2189,0
7628,0
6742,0
7821,1
8511,1
8551,1
5823,0
4415,1
713,1
1546,1
8416,1
6768,1
546,1
736,1
7779,1
4674,0
3341,1
1600,1
8015,1
1511,1
1002,1
299,0
6968,0
322,0
4741,0
792,1
7240,1
6673,1
7753,1
2636,1
416,1
7943,0
5999,1
8448,1
949,0
365,1
3686,1
2982,1
8641,1
2672,0
2607,1
8655,0
993,1
3595,0
5104,0
1213,1
1803,0
4155,1
8288,1
4968,1
6310,0
729,0
1411,0
602,1
1248,0
1328,0
6277,1
437,1
7744,1
1253,0
676,1
4462,1
2633,1
4556,1
3958,1
1212,0
8207,0
2317,1
5638,1
3841,0
4581,1
1680,0
4344,1
6391,1
6996,1
1428,0
2182,0
18,1
2282,0
4251,0
7225,1
1738,0
5928,1
7596,0
1343,1
7703,1
2025,0
7828,0
8463,1
3083,1
7283,1
1455,0
118,1
6104,1
6249,1
3427,1
8217,0
5179,0
8078,1
7832,0
2158,0
7122,1
1941,0
1232,1
4378,0
5201,1
1221,0
1293,0
4751,1
5143,0
2410,0
1224,0
3091,1
8640,1
8573,1
2059,1
4732,1
1572,1
4299,1
1387,1
6828,1
1272,0
2866,1
7626,1
895,1
3359,1
6779,0
2776,1
2082,0
2236,0
1181,0
447,0
2774,0
358,0
2608,1
2249,1
7299,0
6791,0
7931,0
1044,1
973,0
2599,1
2461,0
1080,0
1467,0
887,0
5907,0
6630,0
124,0
6712,0
8046,1
4604,0
5238,0
5627,1
5755,1
1094,1
4169,1
7499,1
5016,0
3859,0
3211,1
5098,1
1522,1
6748,0
3828,1
3880,1
1903,1
6001,1
1059,1
71,1
6561,1
6930,1
2541,0
2759,1
3146,1
5071,1
8326,0
4870,1
7445,0
6006,1
5342,0
5459,1
848,1
219,0
3129,0
4498,1
5421,1
4760,0
4365,1
6755,0
3971,0
564,0
172,1
1176,0
2313,1
4454,1
4064,0
6774,1
3766,0
7093,1
6298,1
5361,1
7807,1
2644,1
7914,0
7904,0
4602,0
3589,0
4517,1
6360,1
8238,1
6465,1
8332,1
2087,0
1333,0
8027,0
6014,1
551,1
8410,0
4460,1
3737,1
4259,1
7619,0
3068,0
8673,1
4754,0
5929,1
7008,1
3929,1
7,1
2375,1
3280,1
6088,1
1560,1
2888,1
6577,0
2396,0
6412,0
2586,0
5511,1
5944,1
4598,1
6843,0
7625,0
878,1
1296,1
352,0
7220,1
5073,1
951,1
2119,1
609,0
2658,1
2653,0
6663,1
7295,0
8607,1
8091,0
4588,1
1649,0
2767,1
6183,1
5195,1
1709,1
7237,0
1983,0
3792,0
6678,1
6033,0
2778,0
5334,1
4112,0
6721,1
3222,0
3658,0
5832,0
1478,0
3558,1
34,1
1083,0
955,0
3258,1
2956,0
5444,1
5796,1
2914,1
4541,0
340,1
2619,1
5751,1
7157,1
6064,0
7068,0
5520,1
7120,1
1791,0
6635,0
4182,0
5433,0
2319,0
6611,1
978,0
6422,1
4115,0
3725,0
6491,1
5542,1
7694,0
5775,0
1881,0
2122,1
8123,0
2219,0
1801,1
8153,0
375,1
2635,0
7584,0
6051,0
3546,0
3999,0
2186,0
3989,0
8174,1
8231,0
2197,0
3117,1
1641,1
6724,1
6237,1
5827,1
7021,1
6897,1
601,1
2034,1
1352,1
279,0
5301,1
3496,0
5760,1
5866,1
535,1
5443,1
685,0
12,1
2294,0
5060,1
8133,0
6699,1
5703,0
6850,1
2978,0
4207,1
7580,0
5828,0
968,0
4934,1
7993,0
329,0
2053,0
7881,0
662,0
190,0
1929,0
1740,1
6341,1
927,1
480,0
6364,1
7380,1
7861,0
8479,0
5323,0
2589,0
3018,0
4206,0
7929,0
3373,0
8225,1
4117,0
761,1
494,0
548,0
6028,1
7342,0
4438,1
4750,1
5487,1
3060,1
2661,1
2617,1
7017,1
7715,0
5336,1
4429,0
4710,1
6336,1
4047,0
7150,1
8093,1
5086,1
386,1
605,1
5930,0
5816,1
2719,0
1786,0
7440,0
1096,1
4263,0
8558,0
1194,0
4940,0
6015,0
7767,1
5124,1
4705,0
1060,1
7357,0
2271,1
1737,0
6829,1
5031,0
6190,1
3037,1
7814,0
7377,1
3947,0
674,1
2808,1
1712,0
5632,1
6886,0
1838,0
2697,0
2117,1
294,0
6558,1
6977,0
1520,0
2543,1
8122,1
1241,1
3218,0
8394,1
1935,0
6095,1
6150,0
2427,0
581,0
4367,0
2979,0
950,0
738,1
1211,0
7026,1
1386,1
2443,0
2177,1
6389,1
3437,0
2292,0
2411,1
3644,0
7421,0
1109,1
3754,0
3855,1
1674,1
7846,1
7126,1
2640,1
4774,0
1507,1
6837,1
1701,0
5889,0
499,1
5216,0
8319,0
8117,0
985,1
2838,1
5808,0
6807,1
1280,1
3543,0
981,0
3663,0
2487,0
5399,0
8547,0
2591,1
2198,1
138,0
754,0
3871,1
2753,0
39,0
5475,0
6436,1
1592,0
941,1
2516,0
3225,1
509,0
7565,1
1681,0
5151,1
8670,1
1543,0
5639,0
7561,1
4971,1
967,0
3684,1
4027,1
818,0
7081,1
7441,0
1188,1
4998,1
6158,0
6049,0
3370,0
839,1
3685,0
6705,0
7320,1
587,0
3251,1
1373,0
2118,1
3531,1
3872,0
4875,0
1141,0
3304,0
5041,0
8158,0
8600,0
4308,1
1809,1
1899,0
7194,0
8020,0
176,0
6948,1
2213,0
6652,1
6715,1
3832,0
2704,0
4758,0
1831,1
2739,0
3549,0
2509,0
4803,0
5198,0
6636,0
1056,0
8470,0
6149,0
2613,0
5547,0
2721,1
5970,0
8026,0
6790,1
2440,0
1164,0
4857,1
7995,0
2784,1
3012,1
3646,1
6281,0
7563,0
7940,0
2905,0
4854,1
2911,1
3511,1
8390,1
1034,1
6251,1
1852,1
6423,0
6093,0
1988,0
802,1
7025,0
394,1
6969,0
5017,1
2474,1
2904,0
6055,1
8044,1
8240,1
5063,0
1297,0
6517,1
3309,1
671,1
5689,0
7571,1
4680,0
2331,0
4075,0
1819,0
8229,0
3652,0
3945,1
4929,1
8075,0
180,1
259,0
5563,0
3205,0
4456,0
1767,0
7053,1
6980,1
5120,1
2673,0
2779,1
830,1
3956,0
3284,1
1961,1
4477,0
8219,0
5308,1
1987,0
7743,0
3669,0
3279,1
108,1
7650,0
8509,0
1770,1
6410,0
4924,1
215,1
7524,1
6258,0
7990,1
6816,1
8315,1
2512,0
5583,1
1644,0
3813,1
5108,0
4899,1
4978,0
466,1
6836,0
6584,1
8521,1
960,0
4022,1
8005,1
8039,0
3491,1
7508,1
2844,0
7287,0
2650,0
4557,1
4624,1
5207,0
6653,1
8157,1
4759,0
8677,1
4177,1
1267,1
1825,0
4478,1
2136,0
2380,1
5685,1
5971,0
7725,0
8472,1
4325,1
8258,1
6404,0
1948,1
6248,1
8127,1
6312,0
2466,1
2601,0
7912,1
3378,0
3994,0
2645,1
6240,1
8680,1
5297,0
3004,1
717,1
4908,1
19,1
1063,1
8388,0
8335,1
2826,0
2366,0
8608,0
1047,1
5023,1
749,0
2065,1
8413,0
4726,1
6229,0
2715,0
2204,1
6528,1
2693,0
8076,1
3829,0
7624,1
